customer_id,recency,frequency,monetary_value,recency_score,frequency_score,monetary_score,rfm,avg_rfm_score,value_segment,customer_segment
1317,51,1,59.14,1,1,1,111,1.00,"low value","Lost Customers"
1341,40,1,180.15,1,1,1,111,1.00,"low value","Lost Customers"
1464,55,1,55.01,1,1,1,111,1.00,"low value","Lost Customers"
1520,59,1,102.76,1,1,1,111,1.00,"low value","Lost Customers"
1742,58,1,145.67,1,1,1,111,1.00,"low value","Lost Customers"
1753,56,1,269.00,1,1,1,111,1.00,"low value","Lost Customers"
1919,42,1,364.88,1,1,1,111,1.00,"low value","Lost Customers"
1984,42,1,208.69,1,1,1,111,1.00,"low value","Lost Customers"
2121,49,1,145.26,1,1,1,111,1.00,"low value","Lost Customers"
2169,57,1,174.26,1,1,1,111,1.00,"low value","Lost Customers"
2200,57,1,186.21,1,1,1,111,1.00,"low value","Lost Customers"
2296,50,1,350.19,1,1,1,111,1.00,"low value","Lost Customers"
2344,43,1,162.68,1,1,1,111,1.00,"low value","Lost Customers"
2444,56,1,270.46,1,1,1,111,1.00,"low value","Lost Customers"
2559,60,1,221.29,1,1,1,111,1.00,"low value","Lost Customers"
2749,52,1,192.90,1,1,1,111,1.00,"low value","Lost Customers"
2767,59,1,299.57,1,1,1,111,1.00,"low value","Lost Customers"
2902,54,1,242.45,1,1,1,111,1.00,"low value","Lost Customers"
2911,52,1,54.89,1,1,1,111,1.00,"low value","Lost Customers"
2982,45,1,232.45,1,1,1,111,1.00,"low value","Lost Customers"
3174,45,1,154.78,1,1,1,111,1.00,"low value","Lost Customers"
3219,41,1,16.70,1,1,1,111,1.00,"low value","Lost Customers"
3308,54,1,60.10,1,1,1,111,1.00,"low value","Lost Customers"
3392,52,1,47.92,1,1,1,111,1.00,"low value","Lost Customers"
3406,57,1,174.68,1,1,1,111,1.00,"low value","Lost Customers"
3527,50,1,189.04,1,1,1,111,1.00,"low value","Lost Customers"
3538,56,1,302.83,1,1,1,111,1.00,"low value","Lost Customers"
3676,57,1,223.31,1,1,1,111,1.00,"low value","Lost Customers"
3877,48,1,140.84,1,1,1,111,1.00,"low value","Lost Customers"
4131,42,1,363.40,1,1,1,111,1.00,"low value","Lost Customers"
4150,45,1,286.22,1,1,1,111,1.00,"low value","Lost Customers"
4157,52,1,52.25,1,1,1,111,1.00,"low value","Lost Customers"
4166,46,1,41.91,1,1,1,111,1.00,"low value","Lost Customers"
4271,54,1,35.48,1,1,1,111,1.00,"low value","Lost Customers"
4279,53,1,144.37,1,1,1,111,1.00,"low value","Lost Customers"
4568,53,1,243.61,1,1,1,111,1.00,"low value","Lost Customers"
4608,60,1,80.28,1,1,1,111,1.00,"low value","Lost Customers"
4614,44,1,88.42,1,1,1,111,1.00,"low value","Lost Customers"
4728,46,1,33.43,1,1,1,111,1.00,"low value","Lost Customers"
4814,55,1,159.18,1,1,1,111,1.00,"low value","Lost Customers"
4871,54,1,154.98,1,1,1,111,1.00,"low value","Lost Customers"
4879,42,1,268.38,1,1,1,111,1.00,"low value","Lost Customers"
4893,41,1,130.63,1,1,1,111,1.00,"low value","Lost Customers"
4909,57,1,252.03,1,1,1,111,1.00,"low value","Lost Customers"
4923,57,1,248.46,1,1,1,111,1.00,"low value","Lost Customers"
5347,57,1,135.49,1,1,1,111,1.00,"low value","Lost Customers"
5349,58,1,117.32,1,1,1,111,1.00,"low value","Lost Customers"
5438,41,1,258.89,1,1,1,111,1.00,"low value","Lost Customers"
5450,52,1,118.13,1,1,1,111,1.00,"low value","Lost Customers"
5533,58,1,13.51,1,1,1,111,1.00,"low value","Lost Customers"
5622,43,1,133.79,1,1,1,111,1.00,"low value","Lost Customers"
5706,40,1,292.56,1,1,1,111,1.00,"low value","Lost Customers"
5742,40,1,128.78,1,1,1,111,1.00,"low value","Lost Customers"
5853,46,1,367.27,1,1,1,111,1.00,"low value","Lost Customers"
5920,46,1,222.67,1,1,1,111,1.00,"low value","Lost Customers"
6053,44,1,366.05,1,1,1,111,1.00,"low value","Lost Customers"
6068,46,1,254.92,1,1,1,111,1.00,"low value","Lost Customers"
6253,45,1,308.75,1,1,1,111,1.00,"low value","Lost Customers"
6262,54,1,89.27,1,1,1,111,1.00,"low value","Lost Customers"
6416,45,1,12.71,1,1,1,111,1.00,"low value","Lost Customers"
6447,52,1,53.89,1,1,1,111,1.00,"low value","Lost Customers"
6482,56,1,336.39,1,1,1,111,1.00,"low value","Lost Customers"
6574,43,1,163.92,1,1,1,111,1.00,"low value","Lost Customers"
6707,41,1,349.64,1,1,1,111,1.00,"low value","Lost Customers"
6770,50,1,148.56,1,1,1,111,1.00,"low value","Lost Customers"
6878,58,1,226.63,1,1,1,111,1.00,"low value","Lost Customers"
7054,42,1,166.17,1,1,1,111,1.00,"low value","Lost Customers"
7224,54,1,365.39,1,1,1,111,1.00,"low value","Lost Customers"
7669,48,1,103.38,1,1,1,111,1.00,"low value","Lost Customers"
7753,44,1,164.16,1,1,1,111,1.00,"low value","Lost Customers"
7770,57,1,195.71,1,1,1,111,1.00,"low value","Lost Customers"
7775,41,1,282.40,1,1,1,111,1.00,"low value","Lost Customers"
7785,43,1,223.41,1,1,1,111,1.00,"low value","Lost Customers"
7870,46,1,328.58,1,1,1,111,1.00,"low value","Lost Customers"
8017,50,1,14.78,1,1,1,111,1.00,"low value","Lost Customers"
8310,50,1,187.35,1,1,1,111,1.00,"low value","Lost Customers"
8368,44,1,355.09,1,1,1,111,1.00,"low value","Lost Customers"
8414,53,1,106.46,1,1,1,111,1.00,"low value","Lost Customers"
8449,55,1,257.58,1,1,1,111,1.00,"low value","Lost Customers"
8529,59,1,132.99,1,1,1,111,1.00,"low value","Lost Customers"
8552,57,1,176.31,1,1,1,111,1.00,"low value","Lost Customers"
8609,47,1,346.79,1,1,1,111,1.00,"low value","Lost Customers"
8625,41,1,168.12,1,1,1,111,1.00,"low value","Lost Customers"
8711,46,1,207.58,1,1,1,111,1.00,"low value","Lost Customers"
8719,59,1,338.56,1,1,1,111,1.00,"low value","Lost Customers"
8770,56,1,100.31,1,1,1,111,1.00,"low value","Lost Customers"
8790,43,1,56.10,1,1,1,111,1.00,"low value","Lost Customers"
8803,41,1,88.17,1,1,1,111,1.00,"low value","Lost Customers"
8807,40,1,360.00,1,1,1,111,1.00,"low value","Lost Customers"
8816,41,1,19.04,1,1,1,111,1.00,"low value","Lost Customers"
8909,54,1,302.48,1,1,1,111,1.00,"low value","Lost Customers"
8993,59,1,16.55,1,1,1,111,1.00,"low value","Lost Customers"
9005,59,1,120.75,1,1,1,111,1.00,"low value","Lost Customers"
9022,42,1,148.89,1,1,1,111,1.00,"low value","Lost Customers"
9084,45,1,224.71,1,1,1,111,1.00,"low value","Lost Customers"
9105,43,1,329.64,1,1,1,111,1.00,"low value","Lost Customers"
9115,58,1,134.98,1,1,1,111,1.00,"low value","Lost Customers"
9129,51,1,337.86,1,1,1,111,1.00,"low value","Lost Customers"
9148,59,1,99.15,1,1,1,111,1.00,"low value","Lost Customers"
9267,50,1,131.93,1,1,1,111,1.00,"low value","Lost Customers"
9288,44,1,141.13,1,1,1,111,1.00,"low value","Lost Customers"
9442,40,1,95.87,1,1,1,111,1.00,"low value","Lost Customers"
9488,51,1,311.08,1,1,1,111,1.00,"low value","Lost Customers"
9571,48,1,364.34,1,1,1,111,1.00,"low value","Lost Customers"
9589,45,1,249.89,1,1,1,111,1.00,"low value","Lost Customers"
9985,57,1,36.10,1,1,1,111,1.00,"low value","Lost Customers"
1136,56,1,394.76,1,1,2,112,1.33,"low value","At-risk Customers"
1146,58,1,585.27,1,1,2,112,1.33,"low value","At-risk Customers"
1149,47,1,510.68,1,1,2,112,1.33,"low value","At-risk Customers"
1228,44,1,541.21,1,1,2,112,1.33,"low value","At-risk Customers"
1256,47,1,591.17,1,1,2,112,1.33,"low value","At-risk Customers"
1265,44,1,557.78,1,1,2,112,1.33,"low value","At-risk Customers"
1323,57,1,692.85,1,1,2,112,1.33,"low value","At-risk Customers"
1372,41,1,468.37,1,1,2,112,1.33,"low value","At-risk Customers"
1391,46,1,546.13,1,1,2,112,1.33,"low value","At-risk Customers"
1500,45,1,378.74,1,1,2,112,1.33,"low value","At-risk Customers"
1616,57,1,375.05,1,1,2,112,1.33,"low value","At-risk Customers"
1706,52,1,577.75,1,1,2,112,1.33,"low value","At-risk Customers"
1731,44,1,445.34,1,1,2,112,1.33,"low value","At-risk Customers"
1744,46,1,401.31,1,1,2,112,1.33,"low value","At-risk Customers"
1842,42,1,604.41,1,1,2,112,1.33,"low value","At-risk Customers"
1879,54,1,442.72,1,1,2,112,1.33,"low value","At-risk Customers"
1886,41,1,529.14,1,1,2,112,1.33,"low value","At-risk Customers"
1901,41,1,669.42,1,1,2,112,1.33,"low value","At-risk Customers"
1924,52,1,508.86,1,1,2,112,1.33,"low value","At-risk Customers"
1936,57,1,588.34,1,1,2,112,1.33,"low value","At-risk Customers"
2072,47,1,673.63,1,1,2,112,1.33,"low value","At-risk Customers"
2077,41,1,404.18,1,1,2,112,1.33,"low value","At-risk Customers"
2139,58,1,664.65,1,1,2,112,1.33,"low value","At-risk Customers"
2188,60,1,463.70,1,1,2,112,1.33,"low value","At-risk Customers"
2336,43,1,448.68,1,1,2,112,1.33,"low value","At-risk Customers"
2389,42,1,520.30,1,1,2,112,1.33,"low value","At-risk Customers"
2462,48,1,447.30,1,1,2,112,1.33,"low value","At-risk Customers"
2557,40,1,432.50,1,1,2,112,1.33,"low value","At-risk Customers"
2577,49,1,481.11,1,1,2,112,1.33,"low value","At-risk Customers"
2617,58,1,575.30,1,1,2,112,1.33,"low value","At-risk Customers"
2747,45,1,387.55,1,1,2,112,1.33,"low value","At-risk Customers"
2752,44,1,614.74,1,1,2,112,1.33,"low value","At-risk Customers"
2809,54,1,527.97,1,1,2,112,1.33,"low value","At-risk Customers"
2816,42,1,681.44,1,1,2,112,1.33,"low value","At-risk Customers"
2847,45,1,504.59,1,1,2,112,1.33,"low value","At-risk Customers"
3103,54,1,393.53,1,1,2,112,1.33,"low value","At-risk Customers"
3131,50,1,588.15,1,1,2,112,1.33,"low value","At-risk Customers"
3194,40,1,126.68,2,1,1,211,1.33,"low value","Regular Customers"
3340,56,1,535.20,1,1,2,112,1.33,"low value","At-risk Customers"
3363,48,1,606.44,1,1,2,112,1.33,"low value","At-risk Customers"
3519,59,1,464.63,1,1,2,112,1.33,"low value","At-risk Customers"
3705,44,1,532.40,1,1,2,112,1.33,"low value","At-risk Customers"
3807,55,1,504.86,1,1,2,112,1.33,"low value","At-risk Customers"
3858,53,1,664.45,1,1,2,112,1.33,"low value","At-risk Customers"
3878,52,1,386.41,1,1,2,112,1.33,"low value","At-risk Customers"
4022,49,1,644.07,1,1,2,112,1.33,"low value","At-risk Customers"
4044,56,1,599.08,1,1,2,112,1.33,"low value","At-risk Customers"
4054,48,1,505.64,1,1,2,112,1.33,"low value","At-risk Customers"
4161,59,1,692.36,1,1,2,112,1.33,"low value","At-risk Customers"
4164,49,1,614.84,1,1,2,112,1.33,"low value","At-risk Customers"
4291,47,1,627.93,1,1,2,112,1.33,"low value","At-risk Customers"
4450,50,1,403.08,1,1,2,112,1.33,"low value","At-risk Customers"
4700,41,1,687.20,1,1,2,112,1.33,"low value","At-risk Customers"
4762,45,1,466.02,1,1,2,112,1.33,"low value","At-risk Customers"
4944,47,1,587.51,1,1,2,112,1.33,"low value","At-risk Customers"
4986,41,1,667.32,1,1,2,112,1.33,"low value","At-risk Customers"
5059,43,1,648.17,1,1,2,112,1.33,"low value","At-risk Customers"
5076,46,1,696.59,1,1,2,112,1.33,"low value","At-risk Customers"
5087,58,1,461.88,1,1,2,112,1.33,"low value","At-risk Customers"
5102,55,1,378.13,1,1,2,112,1.33,"low value","At-risk Customers"
5105,48,1,638.71,1,1,2,112,1.33,"low value","At-risk Customers"
5224,56,1,388.85,1,1,2,112,1.33,"low value","At-risk Customers"
5272,47,1,673.03,1,1,2,112,1.33,"low value","At-risk Customers"
5670,59,1,392.70,1,1,2,112,1.33,"low value","At-risk Customers"
5813,54,1,476.07,1,1,2,112,1.33,"low value","At-risk Customers"
5903,40,1,374.88,1,1,2,112,1.33,"low value","At-risk Customers"
5915,44,1,566.52,1,1,2,112,1.33,"low value","At-risk Customers"
6077,55,1,516.19,1,1,2,112,1.33,"low value","At-risk Customers"
6096,54,1,582.90,1,1,2,112,1.33,"low value","At-risk Customers"
6201,56,1,561.77,1,1,2,112,1.33,"low value","At-risk Customers"
6228,45,1,471.81,1,1,2,112,1.33,"low value","At-risk Customers"
6234,50,1,639.82,1,1,2,112,1.33,"low value","At-risk Customers"
6293,50,1,632.87,1,1,2,112,1.33,"low value","At-risk Customers"
6347,59,1,637.78,1,1,2,112,1.33,"low value","At-risk Customers"
6363,47,1,460.15,1,1,2,112,1.33,"low value","At-risk Customers"
6633,47,1,418.53,1,1,2,112,1.33,"low value","At-risk Customers"
6634,42,1,474.51,1,1,2,112,1.33,"low value","At-risk Customers"
6638,59,1,417.64,1,1,2,112,1.33,"low value","At-risk Customers"
6816,50,1,650.53,1,1,2,112,1.33,"low value","At-risk Customers"
6820,47,1,673.47,1,1,2,112,1.33,"low value","At-risk Customers"
6911,60,1,433.33,1,1,2,112,1.33,"low value","At-risk Customers"
7043,50,1,609.83,1,1,2,112,1.33,"low value","At-risk Customers"
7322,44,1,544.83,1,1,2,112,1.33,"low value","At-risk Customers"
7418,42,1,649.71,1,1,2,112,1.33,"low value","At-risk Customers"
7421,52,1,599.09,1,1,2,112,1.33,"low value","At-risk Customers"
7429,56,1,547.76,1,1,2,112,1.33,"low value","At-risk Customers"
7461,56,1,595.98,1,1,2,112,1.33,"low value","At-risk Customers"
7484,52,1,674.97,1,1,2,112,1.33,"low value","At-risk Customers"
7781,58,1,566.90,1,1,2,112,1.33,"low value","At-risk Customers"
7921,42,1,617.00,1,1,2,112,1.33,"low value","At-risk Customers"
7955,55,1,436.30,1,1,2,112,1.33,"low value","At-risk Customers"
7981,50,1,692.87,1,1,2,112,1.33,"low value","At-risk Customers"
8094,40,1,26.72,2,1,1,211,1.33,"low value","Regular Customers"
8123,50,1,459.19,1,1,2,112,1.33,"low value","At-risk Customers"
8178,49,1,615.21,1,1,2,112,1.33,"low value","At-risk Customers"
8195,53,1,474.01,1,1,2,112,1.33,"low value","At-risk Customers"
8239,55,1,605.20,1,1,2,112,1.33,"low value","At-risk Customers"
8269,50,1,697.06,1,1,2,112,1.33,"low value","At-risk Customers"
8324,40,1,127.52,2,1,1,211,1.33,"low value","Regular Customers"
8355,46,1,538.67,1,1,2,112,1.33,"low value","At-risk Customers"
8418,43,1,703.47,1,1,2,112,1.33,"low value","At-risk Customers"
8429,52,1,518.12,1,1,2,112,1.33,"low value","At-risk Customers"
8483,60,1,375.23,1,1,2,112,1.33,"low value","At-risk Customers"
8490,53,1,701.26,1,1,2,112,1.33,"low value","At-risk Customers"
8724,59,1,623.35,1,1,2,112,1.33,"low value","At-risk Customers"
8848,47,1,594.88,1,1,2,112,1.33,"low value","At-risk Customers"
8871,50,1,528.99,1,1,2,112,1.33,"low value","At-risk Customers"
9128,59,1,388.90,1,1,2,112,1.33,"low value","At-risk Customers"
9276,50,1,421.77,1,1,2,112,1.33,"low value","At-risk Customers"
9369,53,1,576.99,1,1,2,112,1.33,"low value","At-risk Customers"
9374,43,1,403.90,1,1,2,112,1.33,"low value","At-risk Customers"
9418,53,1,383.43,1,1,2,112,1.33,"low value","At-risk Customers"
9465,44,1,382.57,1,1,2,112,1.33,"low value","At-risk Customers"
9537,50,1,688.46,1,1,2,112,1.33,"low value","At-risk Customers"
9561,53,1,524.56,1,1,2,112,1.33,"low value","At-risk Customers"
9595,47,1,698.87,1,1,2,112,1.33,"low value","At-risk Customers"
9700,46,1,641.57,1,1,2,112,1.33,"low value","At-risk Customers"
9740,55,1,507.55,1,1,2,112,1.33,"low value","At-risk Customers"
9796,49,1,372.14,1,1,2,112,1.33,"low value","At-risk Customers"
9835,52,1,657.00,1,1,2,112,1.33,"low value","At-risk Customers"
9849,44,1,663.99,1,1,2,112,1.33,"low value","At-risk Customers"
9864,58,1,621.28,1,1,2,112,1.33,"low value","At-risk Customers"
9922,46,1,651.16,1,1,2,112,1.33,"low value","At-risk Customers"
1025,21,1,359.29,2,2,1,221,1.67,"mid value","Regular Customers"
1046,43,1,859.82,1,1,3,113,1.67,"mid value","At-risk Customers"
1104,34,1,146.12,2,2,1,221,1.67,"mid value","Regular Customers"
1185,20,1,209.18,2,2,1,221,1.67,"mid value","Regular Customers"
1273,23,1,76.86,2,2,1,221,1.67,"mid value","Regular Customers"
1502,55,1,748.65,1,1,3,113,1.67,"mid value","At-risk Customers"
1504,30,1,164.76,2,2,1,221,1.67,"mid value","Regular Customers"
1510,51,1,850.18,1,1,3,113,1.67,"mid value","At-risk Customers"
1530,22,1,161.90,2,2,1,221,1.67,"mid value","Regular Customers"
1590,37,1,246.86,2,2,1,221,1.67,"mid value","Regular Customers"
1651,45,1,923.05,1,1,3,113,1.67,"mid value","At-risk Customers"
1749,41,1,948.98,1,1,3,113,1.67,"mid value","At-risk Customers"
1820,54,1,815.05,1,1,3,113,1.67,"mid value","At-risk Customers"
1972,24,1,357.31,2,2,1,221,1.67,"mid value","Regular Customers"
1992,35,1,283.12,2,2,1,221,1.67,"mid value","Regular Customers"
2009,51,1,754.71,1,1,3,113,1.67,"mid value","At-risk Customers"
2029,53,1,838.32,1,1,3,113,1.67,"mid value","At-risk Customers"
2075,41,1,712.47,1,1,3,113,1.67,"mid value","At-risk Customers"
2083,49,1,927.83,1,1,3,113,1.67,"mid value","At-risk Customers"
2101,45,1,780.73,1,1,3,113,1.67,"mid value","At-risk Customers"
2228,59,1,997.19,1,1,3,113,1.67,"mid value","At-risk Customers"
2234,49,1,951.78,1,1,3,113,1.67,"mid value","At-risk Customers"
2337,37,1,232.29,2,2,1,221,1.67,"mid value","Regular Customers"
2417,42,1,767.62,1,1,3,113,1.67,"mid value","At-risk Customers"
2419,43,1,882.81,1,1,3,113,1.67,"mid value","At-risk Customers"
2481,50,1,809.52,1,1,3,113,1.67,"mid value","At-risk Customers"
2524,58,1,922.06,1,1,3,113,1.67,"mid value","At-risk Customers"
2527,46,1,992.33,1,1,3,113,1.67,"mid value","At-risk Customers"
2551,31,1,110.89,2,2,1,221,1.67,"mid value","Regular Customers"
2654,36,1,285.19,2,2,1,221,1.67,"mid value","Regular Customers"
2655,39,1,308.75,2,2,1,221,1.67,"mid value","Regular Customers"
2761,33,1,142.60,2,2,1,221,1.67,"mid value","Regular Customers"
2824,59,1,744.13,1,1,3,113,1.67,"mid value","At-risk Customers"
2832,56,1,945.60,1,1,3,113,1.67,"mid value","At-risk Customers"
2843,34,1,158.15,2,2,1,221,1.67,"mid value","Regular Customers"
2848,58,1,811.38,1,1,3,113,1.67,"mid value","At-risk Customers"
2988,31,1,142.01,2,2,1,221,1.67,"mid value","Regular Customers"
3024,25,1,260.21,2,2,1,221,1.67,"mid value","Regular Customers"
3110,55,1,906.03,1,1,3,113,1.67,"mid value","At-risk Customers"
3153,55,1,910.53,1,1,3,113,1.67,"mid value","At-risk Customers"
3275,45,1,792.47,1,1,3,113,1.67,"mid value","At-risk Customers"
3280,20,1,309.80,2,2,1,221,1.67,"mid value","Regular Customers"
3287,45,1,747.54,1,1,3,113,1.67,"mid value","At-risk Customers"
3369,36,1,198.70,2,2,1,221,1.67,"mid value","Regular Customers"
3463,39,1,90.69,2,2,1,221,1.67,"mid value","Regular Customers"
3485,51,1,813.03,1,1,3,113,1.67,"mid value","At-risk Customers"
3525,21,1,290.30,2,2,1,221,1.67,"mid value","Regular Customers"
3573,45,2,292.33,1,3,1,131,1.67,"mid value","At-risk Customers"
3661,24,1,248.07,2,2,1,221,1.67,"mid value","Regular Customers"
3697,36,1,12.13,2,2,1,221,1.67,"mid value","Regular Customers"
3709,56,1,753.92,1,1,3,113,1.67,"mid value","At-risk Customers"
3719,21,1,147.84,2,2,1,221,1.67,"mid value","Regular Customers"
3735,37,1,135.66,2,2,1,221,1.67,"mid value","Regular Customers"
3793,39,1,363.95,2,2,1,221,1.67,"mid value","Regular Customers"
3846,48,1,876.43,1,1,3,113,1.67,"mid value","At-risk Customers"
3937,54,1,918.87,1,1,3,113,1.67,"mid value","At-risk Customers"
3983,22,1,325.03,2,2,1,221,1.67,"mid value","Regular Customers"
4154,40,1,518.76,2,1,2,212,1.67,"mid value","Regular Customers"
4190,58,1,786.12,1,1,3,113,1.67,"mid value","At-risk Customers"
4214,39,1,237.72,2,2,1,221,1.67,"mid value","Regular Customers"
4275,43,1,752.68,1,1,3,113,1.67,"mid value","At-risk Customers"
4290,30,1,321.04,2,2,1,221,1.67,"mid value","Regular Customers"
4302,58,1,793.20,1,1,3,113,1.67,"mid value","At-risk Customers"
4371,43,1,754.80,1,1,3,113,1.67,"mid value","At-risk Customers"
4387,19,1,147.19,2,2,1,221,1.67,"mid value","Regular Customers"
4510,26,1,140.99,2,2,1,221,1.67,"mid value","Regular Customers"
4555,30,1,216.80,2,2,1,221,1.67,"mid value","Regular Customers"
4559,55,1,897.63,1,1,3,113,1.67,"mid value","At-risk Customers"
4575,31,1,309.12,2,2,1,221,1.67,"mid value","Regular Customers"
4585,49,1,806.07,1,1,3,113,1.67,"mid value","At-risk Customers"
4683,26,1,295.78,2,2,1,221,1.67,"mid value","Regular Customers"
4743,34,1,345.54,2,2,1,221,1.67,"mid value","Regular Customers"
4751,36,1,98.44,2,2,1,221,1.67,"mid value","Regular Customers"
4755,48,1,836.59,1,1,3,113,1.67,"mid value","At-risk Customers"
4792,42,1,709.89,1,1,3,113,1.67,"mid value","At-risk Customers"
4817,44,1,812.96,1,1,3,113,1.67,"mid value","At-risk Customers"
4882,47,1,812.60,1,1,3,113,1.67,"mid value","At-risk Customers"
4990,52,1,789.11,1,1,3,113,1.67,"mid value","At-risk Customers"
5051,48,1,840.84,1,1,3,113,1.67,"mid value","At-risk Customers"
5173,58,1,711.70,1,1,3,113,1.67,"mid value","At-risk Customers"
5285,19,1,365.96,2,2,1,221,1.67,"mid value","Regular Customers"
5331,37,1,241.68,2,2,1,221,1.67,"mid value","Regular Customers"
5371,50,1,789.50,1,1,3,113,1.67,"mid value","At-risk Customers"
5470,48,1,810.73,1,1,3,113,1.67,"mid value","At-risk Customers"
5476,53,1,801.35,1,1,3,113,1.67,"mid value","At-risk Customers"
5494,58,1,974.55,1,1,3,113,1.67,"mid value","At-risk Customers"
5499,32,1,86.71,2,2,1,221,1.67,"mid value","Regular Customers"
5512,35,1,152.41,2,2,1,221,1.67,"mid value","Regular Customers"
5521,34,1,306.75,2,2,1,221,1.67,"mid value","Regular Customers"
5660,22,1,26.14,2,2,1,221,1.67,"mid value","Regular Customers"
5809,47,1,950.81,1,1,3,113,1.67,"mid value","At-risk Customers"
5819,32,1,185.65,2,2,1,221,1.67,"mid value","Regular Customers"
5837,59,1,978.17,1,1,3,113,1.67,"mid value","At-risk Customers"
5843,44,1,907.84,1,1,3,113,1.67,"mid value","At-risk Customers"
5861,47,1,969.02,1,1,3,113,1.67,"mid value","At-risk Customers"
5919,58,1,812.08,1,1,3,113,1.67,"mid value","At-risk Customers"
5949,30,1,252.43,2,2,1,221,1.67,"mid value","Regular Customers"
5994,50,1,987.78,1,1,3,113,1.67,"mid value","At-risk Customers"
6085,46,1,808.50,1,1,3,113,1.67,"mid value","At-risk Customers"
6134,20,1,67.43,2,2,1,221,1.67,"mid value","Regular Customers"
6168,35,1,275.06,2,2,1,221,1.67,"mid value","Regular Customers"
6169,53,1,745.45,1,1,3,113,1.67,"mid value","At-risk Customers"
6175,34,1,368.65,2,2,1,221,1.67,"mid value","Regular Customers"
6188,37,1,115.49,2,2,1,221,1.67,"mid value","Regular Customers"
6221,44,1,952.15,1,1,3,113,1.67,"mid value","At-risk Customers"
6277,22,1,156.85,2,2,1,221,1.67,"mid value","Regular Customers"
6299,32,1,34.66,2,2,1,221,1.67,"mid value","Regular Customers"
6399,32,1,341.39,2,2,1,221,1.67,"mid value","Regular Customers"
6420,38,1,136.93,2,2,1,221,1.67,"mid value","Regular Customers"
6499,19,1,98.41,2,2,1,221,1.67,"mid value","Regular Customers"
6621,37,1,192.07,2,2,1,221,1.67,"mid value","Regular Customers"
6658,35,1,139.46,2,2,1,221,1.67,"mid value","Regular Customers"
6661,23,1,306.16,2,2,1,221,1.67,"mid value","Regular Customers"
6706,30,1,106.65,2,2,1,221,1.67,"mid value","Regular Customers"
6730,38,1,171.88,2,2,1,221,1.67,"mid value","Regular Customers"
6742,44,1,789.15,1,1,3,113,1.67,"mid value","At-risk Customers"
6822,20,1,309.30,2,2,1,221,1.67,"mid value","Regular Customers"
6873,28,1,307.19,2,2,1,221,1.67,"mid value","Regular Customers"
6939,25,1,295.72,2,2,1,221,1.67,"mid value","Regular Customers"
6967,33,1,79.27,2,2,1,221,1.67,"mid value","Regular Customers"
7146,32,1,84.76,2,2,1,221,1.67,"mid value","Regular Customers"
7151,50,1,734.67,1,1,3,113,1.67,"mid value","At-risk Customers"
7199,41,1,736.66,1,1,3,113,1.67,"mid value","At-risk Customers"
7209,39,1,38.41,2,2,1,221,1.67,"mid value","Regular Customers"
7286,33,1,193.90,2,2,1,221,1.67,"mid value","Regular Customers"
7431,23,1,123.09,2,2,1,221,1.67,"mid value","Regular Customers"
7434,29,1,150.75,2,2,1,221,1.67,"mid value","Regular Customers"
7437,37,1,122.75,2,2,1,221,1.67,"mid value","Regular Customers"
7521,40,1,653.07,2,1,2,212,1.67,"mid value","Regular Customers"
7543,37,1,227.13,2,2,1,221,1.67,"mid value","Regular Customers"
7557,31,1,279.11,2,2,1,221,1.67,"mid value","Regular Customers"
7606,37,1,54.79,2,2,1,221,1.67,"mid value","Regular Customers"
7670,28,1,115.40,2,2,1,221,1.67,"mid value","Regular Customers"
7730,22,1,151.29,2,2,1,221,1.67,"mid value","Regular Customers"
7821,34,1,157.73,2,2,1,221,1.67,"mid value","Regular Customers"
7824,23,1,314.60,2,2,1,221,1.67,"mid value","Regular Customers"
7885,41,1,787.87,1,1,3,113,1.67,"mid value","At-risk Customers"
7916,22,1,72.89,2,2,1,221,1.67,"mid value","Regular Customers"
7965,54,1,738.63,1,1,3,113,1.67,"mid value","At-risk Customers"
8135,49,1,736.46,1,1,3,113,1.67,"mid value","At-risk Customers"
8145,43,1,841.71,1,1,3,113,1.67,"mid value","At-risk Customers"
8161,35,1,257.40,2,2,1,221,1.67,"mid value","Regular Customers"
8292,55,1,812.41,1,1,3,113,1.67,"mid value","At-risk Customers"
8311,47,1,996.40,1,1,3,113,1.67,"mid value","At-risk Customers"
8362,42,1,821.22,1,1,3,113,1.67,"mid value","At-risk Customers"
8405,28,1,229.33,2,2,1,221,1.67,"mid value","Regular Customers"
8432,39,1,165.84,2,2,1,221,1.67,"mid value","Regular Customers"
8542,38,1,164.55,2,2,1,221,1.67,"mid value","Regular Customers"
8579,45,1,875.74,1,1,3,113,1.67,"mid value","At-risk Customers"
8705,59,1,751.53,1,1,3,113,1.67,"mid value","At-risk Customers"
8814,60,1,943.31,1,1,3,113,1.67,"mid value","At-risk Customers"
8821,36,1,14.62,2,2,1,221,1.67,"mid value","Regular Customers"
8822,40,1,936.47,1,1,3,113,1.67,"mid value","At-risk Customers"
8879,25,1,206.13,2,2,1,221,1.67,"mid value","Regular Customers"
8925,44,1,988.62,1,1,3,113,1.67,"mid value","At-risk Customers"
8933,43,1,727.34,1,1,3,113,1.67,"mid value","At-risk Customers"
9008,55,1,899.90,1,1,3,113,1.67,"mid value","At-risk Customers"
9042,54,1,873.99,1,1,3,113,1.67,"mid value","At-risk Customers"
9064,26,1,315.96,2,2,1,221,1.67,"mid value","Regular Customers"
9120,57,1,972.57,1,1,3,113,1.67,"mid value","At-risk Customers"
9210,28,1,99.65,2,2,1,221,1.67,"mid value","Regular Customers"
9266,19,1,180.83,2,2,1,221,1.67,"mid value","Regular Customers"
9368,37,1,64.88,2,2,1,221,1.67,"mid value","Regular Customers"
9393,41,1,844.64,1,1,3,113,1.67,"mid value","At-risk Customers"
9409,59,1,865.98,1,1,3,113,1.67,"mid value","At-risk Customers"
9443,24,1,249.52,2,2,1,221,1.67,"mid value","Regular Customers"
9482,60,1,739.56,1,1,3,113,1.67,"mid value","At-risk Customers"
9508,31,1,157.45,2,2,1,221,1.67,"mid value","Regular Customers"
9576,37,1,77.00,2,2,1,221,1.67,"mid value","Regular Customers"
9609,36,1,320.62,2,2,1,221,1.67,"mid value","Regular Customers"
9625,44,1,817.06,1,1,3,113,1.67,"mid value","At-risk Customers"
9669,44,1,971.37,1,1,3,113,1.67,"mid value","At-risk Customers"
9693,28,1,201.96,2,2,1,221,1.67,"mid value","Regular Customers"
9747,42,1,878.70,1,1,3,113,1.67,"mid value","At-risk Customers"
9756,35,1,225.65,2,2,1,221,1.67,"mid value","Regular Customers"
9761,21,1,58.10,2,2,1,221,1.67,"mid value","Regular Customers"
9788,40,1,396.82,2,1,2,212,1.67,"mid value","Regular Customers"
9821,49,1,979.58,1,1,3,113,1.67,"mid value","At-risk Customers"
9841,46,1,806.66,1,1,3,113,1.67,"mid value","At-risk Customers"
9908,34,1,265.23,2,2,1,221,1.67,"mid value","Regular Customers"
9918,24,1,182.11,2,2,1,221,1.67,"mid value","Regular Customers"
9941,42,1,960.53,1,1,3,113,1.67,"mid value","At-risk Customers"
1082,24,1,600.69,2,2,2,222,2.00,"mid value","Regular Customers"
1200,31,1,502.65,2,2,2,222,2.00,"mid value","Regular Customers"
1225,39,1,696.86,2,2,2,222,2.00,"mid value","Regular Customers"
1392,31,1,629.21,2,2,2,222,2.00,"mid value","Regular Customers"
1567,21,1,622.98,2,2,2,222,2.00,"mid value","Regular Customers"
1643,25,1,393.52,2,2,2,222,2.00,"mid value","Regular Customers"
1713,20,1,393.01,2,2,2,222,2.00,"mid value","Regular Customers"
1813,35,1,576.05,2,2,2,222,2.00,"mid value","Regular Customers"
1944,25,1,418.55,2,2,2,222,2.00,"mid value","Regular Customers"
2041,30,1,453.79,2,2,2,222,2.00,"mid value","Regular Customers"
2063,25,1,546.75,2,2,2,222,2.00,"mid value","Regular Customers"
2118,30,1,447.79,2,2,2,222,2.00,"mid value","Regular Customers"
2263,28,1,647.04,2,2,2,222,2.00,"mid value","Regular Customers"
2291,31,1,449.75,2,2,2,222,2.00,"mid value","Regular Customers"
2341,27,1,452.28,2,2,2,222,2.00,"mid value","Regular Customers"
2425,36,1,560.80,2,2,2,222,2.00,"mid value","Regular Customers"
2468,38,1,558.68,2,2,2,222,2.00,"mid value","Regular Customers"
2501,18,1,219.98,3,2,1,321,2.00,"mid value","Regular Customers"
2531,35,1,385.47,2,2,2,222,2.00,"mid value","Regular Customers"
2681,35,1,418.22,2,2,2,222,2.00,"mid value","Regular Customers"
2682,36,1,508.30,2,2,2,222,2.00,"mid value","Regular Customers"
2879,18,1,352.55,3,2,1,321,2.00,"mid value","Regular Customers"
3114,33,1,507.84,2,2,2,222,2.00,"mid value","Regular Customers"
3120,21,1,439.37,2,2,2,222,2.00,"mid value","Regular Customers"
3148,24,1,689.15,2,2,2,222,2.00,"mid value","Regular Customers"
3435,37,1,398.57,2,2,2,222,2.00,"mid value","Regular Customers"
3578,37,1,606.00,2,2,2,222,2.00,"mid value","Regular Customers"
3623,39,1,564.25,2,2,2,222,2.00,"mid value","Regular Customers"
3634,39,1,417.53,2,2,2,222,2.00,"mid value","Regular Customers"
3693,32,1,471.39,2,2,2,222,2.00,"mid value","Regular Customers"
3724,34,1,490.78,2,2,2,222,2.00,"mid value","Regular Customers"
3871,20,1,499.42,2,2,2,222,2.00,"mid value","Regular Customers"
4048,29,1,522.57,2,2,2,222,2.00,"mid value","Regular Customers"
4116,26,1,454.13,2,2,2,222,2.00,"mid value","Regular Customers"
4178,37,1,681.52,2,2,2,222,2.00,"mid value","Regular Customers"
4232,32,1,596.28,2,2,2,222,2.00,"mid value","Regular Customers"
4626,19,1,232.86,3,2,1,321,2.00,"mid value","Regular Customers"
4765,36,1,391.61,2,2,2,222,2.00,"mid value","Regular Customers"
4863,25,1,437.90,2,2,2,222,2.00,"mid value","Regular Customers"
5011,30,1,615.16,2,2,2,222,2.00,"mid value","Regular Customers"
5033,23,1,598.57,2,2,2,222,2.00,"mid value","Regular Customers"
5060,18,1,248.74,3,2,1,321,2.00,"mid value","Regular Customers"
5088,18,1,111.77,3,2,1,321,2.00,"mid value","Regular Customers"
5150,30,1,642.13,2,2,2,222,2.00,"mid value","Regular Customers"
5192,19,1,238.85,3,2,1,321,2.00,"mid value","Regular Customers"
5342,39,1,627.03,2,2,2,222,2.00,"mid value","Regular Customers"
5382,22,1,648.20,2,2,2,222,2.00,"mid value","Regular Customers"
5460,28,1,544.58,2,2,2,222,2.00,"mid value","Regular Customers"
5471,33,1,490.79,2,2,2,222,2.00,"mid value","Regular Customers"
5673,33,1,699.63,2,2,2,222,2.00,"mid value","Regular Customers"
5694,31,1,635.40,2,2,2,222,2.00,"mid value","Regular Customers"
5762,18,1,76.69,3,2,1,321,2.00,"mid value","Regular Customers"
5781,34,1,393.92,2,2,2,222,2.00,"mid value","Regular Customers"
5833,37,1,618.48,2,2,2,222,2.00,"mid value","Regular Customers"
5888,24,1,606.76,2,2,2,222,2.00,"mid value","Regular Customers"
6267,22,1,480.87,2,2,2,222,2.00,"mid value","Regular Customers"
6344,35,1,700.24,2,2,2,222,2.00,"mid value","Regular Customers"
6345,40,1,458.23,2,2,2,222,2.00,"mid value","Regular Customers"
6354,28,1,700.79,2,2,2,222,2.00,"mid value","Regular Customers"
6400,18,1,131.01,3,2,1,321,2.00,"mid value","Regular Customers"
6502,40,1,894.10,2,1,3,213,2.00,"mid value","Regular Customers"
6542,27,1,527.87,2,2,2,222,2.00,"mid value","Regular Customers"
6688,26,1,434.09,2,2,2,222,2.00,"mid value","Regular Customers"
6828,35,1,518.33,2,2,2,222,2.00,"mid value","Regular Customers"
6898,32,1,453.02,2,2,2,222,2.00,"mid value","Regular Customers"
6986,26,1,686.11,2,2,2,222,2.00,"mid value","Regular Customers"
7049,23,1,557.00,2,2,2,222,2.00,"mid value","Regular Customers"
7204,38,1,550.56,2,2,2,222,2.00,"mid value","Regular Customers"
7240,22,1,535.25,2,2,2,222,2.00,"mid value","Regular Customers"
7256,28,1,532.19,2,2,2,222,2.00,"mid value","Regular Customers"
7275,19,1,490.73,2,2,2,222,2.00,"mid value","Regular Customers"
7455,23,1,568.75,2,2,2,222,2.00,"mid value","Regular Customers"
7529,28,1,440.15,2,2,2,222,2.00,"mid value","Regular Customers"
7563,37,1,689.42,2,2,2,222,2.00,"mid value","Regular Customers"
7566,26,1,511.55,2,2,2,222,2.00,"mid value","Regular Customers"
7678,39,1,547.19,2,2,2,222,2.00,"mid value","Regular Customers"
7693,32,1,692.48,2,2,2,222,2.00,"mid value","Regular Customers"
7825,21,1,642.60,2,2,2,222,2.00,"mid value","Regular Customers"
7911,20,1,616.19,2,2,2,222,2.00,"mid value","Regular Customers"
8061,32,1,561.42,2,2,2,222,2.00,"mid value","Regular Customers"
8126,27,1,643.39,2,2,2,222,2.00,"mid value","Regular Customers"
8199,27,1,527.52,2,2,2,222,2.00,"mid value","Regular Customers"
8225,40,1,424.59,2,2,2,222,2.00,"mid value","Regular Customers"
8254,36,1,567.54,2,2,2,222,2.00,"mid value","Regular Customers"
8372,31,1,683.31,2,2,2,222,2.00,"mid value","Regular Customers"
8685,32,1,619.19,2,2,2,222,2.00,"mid value","Regular Customers"
8758,18,1,123.25,3,2,1,321,2.00,"mid value","Regular Customers"
8863,31,1,450.90,2,2,2,222,2.00,"mid value","Regular Customers"
8895,38,1,667.07,2,2,2,222,2.00,"mid value","Regular Customers"
8982,19,1,324.11,3,2,1,321,2.00,"mid value","Regular Customers"
9268,39,1,660.96,2,2,2,222,2.00,"mid value","Regular Customers"
9307,36,1,468.08,2,2,2,222,2.00,"mid value","Regular Customers"
9376,25,1,574.96,2,2,2,222,2.00,"mid value","Regular Customers"
9535,32,1,419.85,2,2,2,222,2.00,"mid value","Regular Customers"
9553,34,1,376.67,2,2,2,222,2.00,"mid value","Regular Customers"
9615,21,1,704.30,2,2,2,222,2.00,"mid value","Regular Customers"
9621,18,1,256.28,3,2,1,321,2.00,"mid value","Regular Customers"
9702,34,1,570.27,2,2,2,222,2.00,"mid value","Regular Customers"
9802,35,1,533.55,2,2,2,222,2.00,"mid value","Regular Customers"
9897,24,1,661.53,2,2,2,222,2.00,"mid value","Regular Customers"
9901,27,1,498.97,2,2,2,222,2.00,"mid value","Regular Customers"
9950,38,1,679.11,2,2,2,222,2.00,"mid value","Regular Customers"
9991,30,1,626.81,2,2,2,222,2.00,"mid value","Regular Customers"
1049,13,1,225.72,3,3,1,331,2.33,"mid value","Regular Customers"
1086,9,1,100.18,3,3,1,331,2.33,"mid value","Regular Customers"
1108,28,1,883.21,2,2,3,223,2.33,"mid value","Loyal Customers"
1120,28,1,999.44,2,2,3,223,2.33,"mid value","Loyal Customers"
1166,27,1,948.58,2,2,3,223,2.33,"mid value","Loyal Customers"
1182,25,1,876.02,2,2,3,223,2.33,"mid value","Loyal Customers"
1190,19,1,935.03,2,2,3,223,2.33,"mid value","Loyal Customers"
1193,17,1,218.64,3,3,1,331,2.33,"mid value","Regular Customers"
1212,13,1,258.83,3,3,1,331,2.33,"mid value","Regular Customers"
1230,3,1,328.99,3,3,1,331,2.33,"mid value","Regular Customers"
1331,39,1,819.21,2,2,3,223,2.33,"mid value","Loyal Customers"
1430,22,1,929.79,2,2,3,223,2.33,"mid value","Loyal Customers"
1507,33,1,943.02,2,2,3,223,2.33,"mid value","Loyal Customers"
1514,5,1,337.12,3,3,1,331,2.33,"mid value","Regular Customers"
1517,24,1,948.72,2,2,3,223,2.33,"mid value","Loyal Customers"
1519,39,2,504.20,2,3,2,232,2.33,"mid value","Loyal Customers"
1685,22,1,737.98,2,2,3,223,2.33,"mid value","Loyal Customers"
1719,11,1,179.18,3,3,1,331,2.33,"mid value","Regular Customers"
1878,5,1,365.45,3,3,1,331,2.33,"mid value","Regular Customers"
1993,35,1,730.93,2,2,3,223,2.33,"mid value","Loyal Customers"
2035,20,1,825.62,2,2,3,223,2.33,"mid value","Loyal Customers"
2143,3,1,201.56,3,3,1,331,2.33,"mid value","Regular Customers"
2153,7,1,310.87,3,3,1,331,2.33,"mid value","Regular Customers"
2180,35,1,863.15,2,2,3,223,2.33,"mid value","Loyal Customers"
2195,16,1,69.31,3,3,1,331,2.33,"mid value","Regular Customers"
2229,18,1,641.14,3,2,2,322,2.33,"mid value","Loyal Customers"
2293,21,1,872.13,2,2,3,223,2.33,"mid value","Loyal Customers"
2294,37,1,959.70,2,2,3,223,2.33,"mid value","Loyal Customers"
2310,31,1,803.01,2,2,3,223,2.33,"mid value","Loyal Customers"
2342,30,1,845.33,2,2,3,223,2.33,"mid value","Loyal Customers"
2391,4,1,62.08,3,3,1,331,2.33,"mid value","Regular Customers"
2443,33,1,846.04,2,2,3,223,2.33,"mid value","Loyal Customers"
2489,12,1,56.65,3,3,1,331,2.33,"mid value","Regular Customers"
2522,37,1,816.81,2,2,3,223,2.33,"mid value","Loyal Customers"
2633,27,1,911.34,2,2,3,223,2.33,"mid value","Loyal Customers"
2658,14,1,238.71,3,3,1,331,2.33,"mid value","Regular Customers"
2702,44,2,1164.30,1,3,3,133,2.33,"mid value","At-risk Customers"
2869,8,1,74.69,3,3,1,331,2.33,"mid value","Regular Customers"
2882,12,1,285.78,3,3,1,331,2.33,"mid value","Regular Customers"
2890,12,1,358.72,3,3,1,331,2.33,"mid value","Regular Customers"
2926,3,1,140.26,3,3,1,331,2.33,"mid value","Regular Customers"
2940,25,1,766.80,2,2,3,223,2.33,"mid value","Loyal Customers"
2964,2,1,87.70,3,3,1,331,2.33,"mid value","Regular Customers"
3048,14,1,242.28,3,3,1,331,2.33,"mid value","Regular Customers"
3140,30,1,921.19,2,2,3,223,2.33,"mid value","Loyal Customers"
3150,27,1,840.13,2,2,3,223,2.33,"mid value","Loyal Customers"
3196,28,1,847.68,2,2,3,223,2.33,"mid value","Loyal Customers"
3248,16,1,21.24,3,3,1,331,2.33,"mid value","Regular Customers"
3267,5,1,257.50,3,3,1,331,2.33,"mid value","Regular Customers"
3384,14,1,39.19,3,3,1,331,2.33,"mid value","Regular Customers"
3399,7,2,123.06,3,3,1,331,2.33,"mid value","Regular Customers"
3417,19,1,690.75,3,2,2,322,2.33,"mid value","Loyal Customers"
3420,23,1,707.65,2,2,3,223,2.33,"mid value","Loyal Customers"
3443,0,1,99.18,3,3,1,331,2.33,"mid value","Regular Customers"
3450,30,1,807.61,2,2,3,223,2.33,"mid value","Loyal Customers"
3502,33,1,970.83,2,2,3,223,2.33,"mid value","Loyal Customers"
3504,37,1,764.89,2,2,3,223,2.33,"mid value","Loyal Customers"
3509,31,1,750.26,2,2,3,223,2.33,"mid value","Loyal Customers"
3522,29,1,933.33,2,2,3,223,2.33,"mid value","Loyal Customers"
3535,18,1,487.37,3,2,2,322,2.33,"mid value","Loyal Customers"
3656,5,1,153.16,3,3,1,331,2.33,"mid value","Regular Customers"
3662,35,1,990.71,2,2,3,223,2.33,"mid value","Loyal Customers"
3695,40,2,1770.85,1,3,3,133,2.33,"mid value","At-risk Customers"
3742,10,1,283.34,3,3,1,331,2.33,"mid value","Regular Customers"
3762,24,1,766.84,2,2,3,223,2.33,"mid value","Loyal Customers"
3804,18,1,628.23,3,2,2,322,2.33,"mid value","Loyal Customers"
3832,29,1,827.45,2,2,3,223,2.33,"mid value","Loyal Customers"
3837,22,1,802.86,2,2,3,223,2.33,"mid value","Loyal Customers"
3852,10,1,367.88,3,3,1,331,2.33,"mid value","Regular Customers"
3879,19,1,610.56,3,2,2,322,2.33,"mid value","Loyal Customers"
3906,31,1,751.84,2,2,3,223,2.33,"mid value","Loyal Customers"
3926,5,1,40.96,3,3,1,331,2.33,"mid value","Regular Customers"
3954,11,1,90.00,3,3,1,331,2.33,"mid value","Regular Customers"
3972,5,1,151.82,3,3,1,331,2.33,"mid value","Regular Customers"
4029,37,1,886.64,2,2,3,223,2.33,"mid value","Loyal Customers"
4090,16,1,246.42,3,3,1,331,2.33,"mid value","Regular Customers"
4110,12,1,167.75,3,3,1,331,2.33,"mid value","Regular Customers"
4111,39,1,729.28,2,2,3,223,2.33,"mid value","Loyal Customers"
4401,32,2,508.21,2,3,2,232,2.33,"mid value","Loyal Customers"
4470,1,1,198.12,3,3,1,331,2.33,"mid value","Regular Customers"
4475,38,1,799.85,2,2,3,223,2.33,"mid value","Loyal Customers"
4483,19,1,504.24,3,2,2,322,2.33,"mid value","Loyal Customers"
4485,2,1,46.29,3,3,1,331,2.33,"mid value","Regular Customers"
4517,2,1,195.28,3,3,1,331,2.33,"mid value","Regular Customers"
4532,31,1,826.31,2,2,3,223,2.33,"mid value","Loyal Customers"
4533,7,1,158.02,3,3,1,331,2.33,"mid value","Regular Customers"
4562,14,1,86.43,3,3,1,331,2.33,"mid value","Regular Customers"
4598,17,1,331.04,3,3,1,331,2.33,"mid value","Regular Customers"
4616,22,1,720.67,2,2,3,223,2.33,"mid value","Loyal Customers"
4617,21,1,836.40,2,2,3,223,2.33,"mid value","Loyal Customers"
4624,4,1,221.22,3,3,1,331,2.33,"mid value","Regular Customers"
4630,39,1,781.33,2,2,3,223,2.33,"mid value","Loyal Customers"
4637,28,1,749.38,2,2,3,223,2.33,"mid value","Loyal Customers"
4695,50,2,805.14,1,3,3,133,2.33,"mid value","At-risk Customers"
4727,13,1,99.48,3,3,1,331,2.33,"mid value","Regular Customers"
4729,2,1,266.06,3,3,1,331,2.33,"mid value","Regular Customers"
4770,22,1,803.91,2,2,3,223,2.33,"mid value","Loyal Customers"
4858,32,1,756.22,2,2,3,223,2.33,"mid value","Loyal Customers"
4878,5,1,170.88,3,3,1,331,2.33,"mid value","Regular Customers"
4892,28,1,786.46,2,2,3,223,2.33,"mid value","Loyal Customers"
4912,40,1,723.79,2,2,3,223,2.33,"mid value","Loyal Customers"
4920,15,1,166.79,3,3,1,331,2.33,"mid value","Regular Customers"
4943,24,2,626.79,2,3,2,232,2.33,"mid value","Loyal Customers"
4948,6,1,233.09,3,3,1,331,2.33,"mid value","Regular Customers"
5009,13,1,53.79,3,3,1,331,2.33,"mid value","Regular Customers"
5107,3,1,49.09,3,3,1,331,2.33,"mid value","Regular Customers"
5179,11,1,111.88,3,3,1,331,2.33,"mid value","Regular Customers"
5215,15,1,194.34,3,3,1,331,2.33,"mid value","Regular Customers"
5350,19,1,785.07,2,2,3,223,2.33,"mid value","Loyal Customers"
5444,8,1,87.11,3,3,1,331,2.33,"mid value","Regular Customers"
5469,32,1,906.25,2,2,3,223,2.33,"mid value","Loyal Customers"
5488,37,1,825.27,2,2,3,223,2.33,"mid value","Loyal Customers"
5511,33,1,896.53,2,2,3,223,2.33,"mid value","Loyal Customers"
5564,5,1,78.73,3,3,1,331,2.33,"mid value","Regular Customers"
5719,32,1,882.04,2,2,3,223,2.33,"mid value","Loyal Customers"
5735,15,1,215.21,3,3,1,331,2.33,"mid value","Regular Customers"
5890,17,1,117.02,3,3,1,331,2.33,"mid value","Regular Customers"
5938,0,1,219.12,3,3,1,331,2.33,"mid value","Regular Customers"
5970,32,1,748.15,2,2,3,223,2.33,"mid value","Loyal Customers"
6050,37,1,899.99,2,2,3,223,2.33,"mid value","Loyal Customers"
6107,35,1,995.20,2,2,3,223,2.33,"mid value","Loyal Customers"
6172,34,1,955.89,2,2,3,223,2.33,"mid value","Loyal Customers"
6236,17,1,148.53,3,3,1,331,2.33,"mid value","Regular Customers"
6269,11,1,290.23,3,3,1,331,2.33,"mid value","Regular Customers"
6302,15,1,299.71,3,3,1,331,2.33,"mid value","Regular Customers"
6327,5,1,284.12,3,3,1,331,2.33,"mid value","Regular Customers"
6381,8,1,136.52,3,3,1,331,2.33,"mid value","Regular Customers"
6431,16,1,245.20,3,3,1,331,2.33,"mid value","Regular Customers"
6439,25,1,769.74,2,2,3,223,2.33,"mid value","Loyal Customers"
6478,38,1,880.99,2,2,3,223,2.33,"mid value","Loyal Customers"
6549,9,1,124.02,3,3,1,331,2.33,"mid value","Regular Customers"
6570,0,1,125.84,3,3,1,331,2.33,"mid value","Regular Customers"
6582,15,1,185.69,3,3,1,331,2.33,"mid value","Regular Customers"
6584,37,1,827.06,2,2,3,223,2.33,"mid value","Loyal Customers"
6614,34,1,987.32,2,2,3,223,2.33,"mid value","Loyal Customers"
6617,42,2,1148.94,1,3,3,133,2.33,"mid value","At-risk Customers"
6644,16,1,73.12,3,3,1,331,2.33,"mid value","Regular Customers"
6703,38,1,963.65,2,2,3,223,2.33,"mid value","Loyal Customers"
6714,25,1,934.36,2,2,3,223,2.33,"mid value","Loyal Customers"
6776,21,1,998.17,2,2,3,223,2.33,"mid value","Loyal Customers"
6829,25,1,941.73,2,2,3,223,2.33,"mid value","Loyal Customers"
6850,10,1,76.88,3,3,1,331,2.33,"mid value","Regular Customers"
6885,12,1,196.54,3,3,1,331,2.33,"mid value","Regular Customers"
6896,12,1,277.07,3,3,1,331,2.33,"mid value","Regular Customers"
6916,1,1,323.31,3,3,1,331,2.33,"mid value","Regular Customers"
6934,20,1,892.66,2,2,3,223,2.33,"mid value","Loyal Customers"
6963,36,1,921.02,2,2,3,223,2.33,"mid value","Loyal Customers"
7022,4,1,306.26,3,3,1,331,2.33,"mid value","Regular Customers"
7084,11,1,98.59,3,3,1,331,2.33,"mid value","Regular Customers"
7099,37,1,855.78,2,2,3,223,2.33,"mid value","Loyal Customers"
7116,16,1,149.94,3,3,1,331,2.33,"mid value","Regular Customers"
7170,23,1,906.98,2,2,3,223,2.33,"mid value","Loyal Customers"
7291,38,1,963.62,2,2,3,223,2.33,"mid value","Loyal Customers"
7334,39,1,973.99,2,2,3,223,2.33,"mid value","Loyal Customers"
7358,30,1,918.72,2,2,3,223,2.33,"mid value","Loyal Customers"
7408,31,1,774.62,2,2,3,223,2.33,"mid value","Loyal Customers"
7445,13,1,165.44,3,3,1,331,2.33,"mid value","Regular Customers"
7453,37,1,796.95,2,2,3,223,2.33,"mid value","Loyal Customers"
7457,21,1,939.75,2,2,3,223,2.33,"mid value","Loyal Customers"
7653,25,1,835.39,2,2,3,223,2.33,"mid value","Loyal Customers"
7666,19,1,935.68,2,2,3,223,2.33,"mid value","Loyal Customers"
7723,28,1,777.22,2,2,3,223,2.33,"mid value","Loyal Customers"
7735,31,1,865.20,2,2,3,223,2.33,"mid value","Loyal Customers"
7797,19,2,510.52,2,3,2,232,2.33,"mid value","Loyal Customers"
7798,39,1,934.91,2,2,3,223,2.33,"mid value","Loyal Customers"
7859,22,1,916.75,2,2,3,223,2.33,"mid value","Loyal Customers"
7865,26,1,750.04,2,2,3,223,2.33,"mid value","Loyal Customers"
7883,36,1,905.79,2,2,3,223,2.33,"mid value","Loyal Customers"
7984,17,1,116.88,3,3,1,331,2.33,"mid value","Regular Customers"
7997,4,1,113.06,3,3,1,331,2.33,"mid value","Regular Customers"
8078,13,1,329.10,3,3,1,331,2.33,"mid value","Regular Customers"
8149,22,1,984.39,2,2,3,223,2.33,"mid value","Loyal Customers"
8201,35,1,885.55,2,2,3,223,2.33,"mid value","Loyal Customers"
8210,38,1,725.21,2,2,3,223,2.33,"mid value","Loyal Customers"
8242,12,1,61.10,3,3,1,331,2.33,"mid value","Regular Customers"
8244,17,1,221.56,3,3,1,331,2.33,"mid value","Regular Customers"
8251,21,1,816.86,2,2,3,223,2.33,"mid value","Loyal Customers"
8273,12,1,86.12,3,3,1,331,2.33,"mid value","Regular Customers"
8342,10,1,27.07,3,3,1,331,2.33,"mid value","Regular Customers"
8359,22,1,992.85,2,2,3,223,2.33,"mid value","Loyal Customers"
8370,13,1,341.31,3,3,1,331,2.33,"mid value","Regular Customers"
8399,31,1,828.74,2,2,3,223,2.33,"mid value","Loyal Customers"
8484,6,1,309.10,3,3,1,331,2.33,"mid value","Regular Customers"
8493,18,1,593.42,3,2,2,322,2.33,"mid value","Loyal Customers"
8511,13,1,94.05,3,3,1,331,2.33,"mid value","Regular Customers"
8532,2,1,87.08,3,3,1,331,2.33,"mid value","Regular Customers"
8598,6,1,126.60,3,3,1,331,2.33,"mid value","Regular Customers"
8616,33,1,827.48,2,2,3,223,2.33,"mid value","Loyal Customers"
8620,5,1,289.48,3,3,1,331,2.33,"mid value","Regular Customers"
8622,3,1,294.76,3,3,1,331,2.33,"mid value","Regular Customers"
8715,29,1,895.93,2,2,3,223,2.33,"mid value","Loyal Customers"
8736,4,1,202.60,3,3,1,331,2.33,"mid value","Regular Customers"
8780,8,1,26.47,3,3,1,331,2.33,"mid value","Regular Customers"
8796,24,1,747.86,2,2,3,223,2.33,"mid value","Loyal Customers"
8859,26,1,783.62,2,2,3,223,2.33,"mid value","Loyal Customers"
8951,10,1,350.30,3,3,1,331,2.33,"mid value","Regular Customers"
9004,25,1,760.58,2,2,3,223,2.33,"mid value","Loyal Customers"
9044,24,1,784.15,2,2,3,223,2.33,"mid value","Loyal Customers"
9108,22,1,883.52,2,2,3,223,2.33,"mid value","Loyal Customers"
9173,34,1,883.95,2,2,3,223,2.33,"mid value","Loyal Customers"
9175,13,1,207.67,3,3,1,331,2.33,"mid value","Regular Customers"
9289,36,1,736.32,2,2,3,223,2.33,"mid value","Loyal Customers"
9317,2,1,115.35,3,3,1,331,2.33,"mid value","Regular Customers"
9331,15,2,136.66,3,3,1,331,2.33,"mid value","Regular Customers"
9363,29,1,777.00,2,2,3,223,2.33,"mid value","Loyal Customers"
9383,21,1,950.26,2,2,3,223,2.33,"mid value","Loyal Customers"
9444,35,1,989.23,2,2,3,223,2.33,"mid value","Loyal Customers"
9452,6,1,133.43,3,3,1,331,2.33,"mid value","Regular Customers"
9475,12,1,247.90,3,3,1,331,2.33,"mid value","Regular Customers"
9582,2,1,143.90,3,3,1,331,2.33,"mid value","Regular Customers"
9584,55,2,1242.49,1,3,3,133,2.33,"mid value","At-risk Customers"
9673,14,1,281.99,3,3,1,331,2.33,"mid value","Regular Customers"
9674,38,1,769.17,2,2,3,223,2.33,"mid value","Loyal Customers"
9680,41,2,844.60,1,3,3,133,2.33,"mid value","At-risk Customers"
9689,13,1,58.09,3,3,1,331,2.33,"mid value","Regular Customers"
9751,14,1,252.36,3,3,1,331,2.33,"mid value","Regular Customers"
9785,39,1,939.84,2,2,3,223,2.33,"mid value","Loyal Customers"
9797,12,1,274.16,3,3,1,331,2.33,"mid value","Regular Customers"
9824,30,2,622.27,2,3,2,232,2.33,"mid value","Loyal Customers"
9899,36,1,896.80,2,2,3,223,2.33,"mid value","Loyal Customers"
9907,10,1,29.33,3,3,1,331,2.33,"mid value","Regular Customers"
1011,33,2,1129.02,2,3,3,233,2.67,"high value","Loyal Customers"
1207,6,1,425.86,3,3,2,332,2.67,"high value","Loyal Customers"
1509,0,1,410.35,3,3,2,332,2.67,"high value","Loyal Customers"
1601,31,2,952.47,2,3,3,233,2.67,"high value","Loyal Customers"
1645,25,2,1292.11,2,3,3,233,2.67,"high value","Loyal Customers"
1653,17,1,886.80,3,2,3,323,2.67,"high value","Loyal Customers"
1711,14,1,464.83,3,3,2,332,2.67,"high value","Loyal Customers"
1715,34,2,1117.92,2,3,3,233,2.67,"high value","Loyal Customers"
1828,19,1,999.29,3,2,3,323,2.67,"high value","Loyal Customers"
1920,38,2,1117.91,2,3,3,233,2.67,"high value","Loyal Customers"
2011,7,1,552.17,3,3,2,332,2.67,"high value","Loyal Customers"
2404,11,1,622.43,3,3,2,332,2.67,"high value","Loyal Customers"
2438,14,1,388.39,3,3,2,332,2.67,"high value","Loyal Customers"
2494,30,2,1063.64,2,3,3,233,2.67,"high value","Loyal Customers"
2562,3,1,532.88,3,3,2,332,2.67,"high value","Loyal Customers"
2624,10,1,704.76,3,3,2,332,2.67,"high value","Loyal Customers"
2728,11,1,642.24,3,3,2,332,2.67,"high value","Loyal Customers"
2741,29,2,1104.57,2,3,3,233,2.67,"high value","Loyal Customers"
2753,13,1,557.69,3,3,2,332,2.67,"high value","Loyal Customers"
2765,12,1,420.33,3,3,2,332,2.67,"high value","Loyal Customers"
2975,5,1,428.09,3,3,2,332,2.67,"high value","Loyal Customers"
3173,15,1,653.59,3,3,2,332,2.67,"high value","Loyal Customers"
3213,0,1,700.65,3,3,2,332,2.67,"high value","Loyal Customers"
3223,5,1,467.08,3,3,2,332,2.67,"high value","Loyal Customers"
3521,16,1,540.99,3,3,2,332,2.67,"high value","Loyal Customers"
3647,13,1,447.42,3,3,2,332,2.67,"high value","Loyal Customers"
3704,7,1,472.72,3,3,2,332,2.67,"high value","Loyal Customers"
3747,14,1,688.74,3,3,2,332,2.67,"high value","Loyal Customers"
3826,8,1,676.85,3,3,2,332,2.67,"high value","Loyal Customers"
3945,11,1,589.59,3,3,2,332,2.67,"high value","Loyal Customers"
4014,6,1,393.59,3,3,2,332,2.67,"high value","Loyal Customers"
4185,15,1,699.39,3,3,2,332,2.67,"high value","Loyal Customers"
4196,8,1,390.10,3,3,2,332,2.67,"high value","Loyal Customers"
4257,15,1,653.39,3,3,2,332,2.67,"high value","Loyal Customers"
4308,8,1,630.95,3,3,2,332,2.67,"high value","Loyal Customers"
4646,13,1,674.63,3,3,2,332,2.67,"high value","Loyal Customers"
4714,13,1,656.25,3,3,2,332,2.67,"high value","Loyal Customers"
4804,26,3,2073.33,2,3,3,233,2.67,"high value","Loyal Customers"
4868,6,1,369.06,3,3,2,332,2.67,"high value","Loyal Customers"
4982,0,1,624.79,3,3,2,332,2.67,"high value","Loyal Customers"
5040,14,1,628.78,3,3,2,332,2.67,"high value","Loyal Customers"
5201,13,1,484.29,3,3,2,332,2.67,"high value","Loyal Customers"
5221,4,1,393.30,3,3,2,332,2.67,"high value","Loyal Customers"
5254,27,2,1132.47,2,3,3,233,2.67,"high value","Loyal Customers"
5281,6,1,540.74,3,3,2,332,2.67,"high value","Loyal Customers"
5298,18,1,864.01,3,2,3,323,2.67,"high value","Loyal Customers"
5520,11,1,405.44,3,3,2,332,2.67,"high value","Loyal Customers"
5583,36,2,839.24,2,3,3,233,2.67,"high value","Loyal Customers"
5664,19,1,745.50,3,2,3,323,2.67,"high value","Loyal Customers"
5687,5,1,540.28,3,3,2,332,2.67,"high value","Loyal Customers"
5747,10,1,400.38,3,3,2,332,2.67,"high value","Loyal Customers"
5803,7,1,632.35,3,3,2,332,2.67,"high value","Loyal Customers"
5905,1,1,666.75,3,3,2,332,2.67,"high value","Loyal Customers"
5923,13,1,448.68,3,3,2,332,2.67,"high value","Loyal Customers"
5933,34,2,1163.24,2,3,3,233,2.67,"high value","Loyal Customers"
5990,4,1,513.25,3,3,2,332,2.67,"high value","Loyal Customers"
6005,14,1,702.45,3,3,2,332,2.67,"high value","Loyal Customers"
6008,16,1,588.33,3,3,2,332,2.67,"high value","Loyal Customers"
6303,14,1,473.71,3,3,2,332,2.67,"high value","Loyal Customers"
6319,6,1,378.00,3,3,2,332,2.67,"high value","Loyal Customers"
6323,5,1,462.97,3,3,2,332,2.67,"high value","Loyal Customers"
6328,5,1,481.39,3,3,2,332,2.67,"high value","Loyal Customers"
6383,6,1,677.61,3,3,2,332,2.67,"high value","Loyal Customers"
6411,15,1,477.68,3,3,2,332,2.67,"high value","Loyal Customers"
6432,10,1,436.15,3,3,2,332,2.67,"high value","Loyal Customers"
6761,0,1,571.97,3,3,2,332,2.67,"high value","Loyal Customers"
6818,7,1,637.32,3,3,2,332,2.67,"high value","Loyal Customers"
6860,1,1,507.81,3,3,2,332,2.67,"high value","Loyal Customers"
6876,8,1,458.07,3,3,2,332,2.67,"high value","Loyal Customers"
6901,9,1,680.00,3,3,2,332,2.67,"high value","Loyal Customers"
7025,12,1,592.50,3,3,2,332,2.67,"high value","Loyal Customers"
7078,18,1,949.89,3,2,3,323,2.67,"high value","Loyal Customers"
7135,3,1,388.65,3,3,2,332,2.67,"high value","Loyal Customers"
7179,17,1,608.92,3,3,2,332,2.67,"high value","Loyal Customers"
7242,8,1,642.16,3,3,2,332,2.67,"high value","Loyal Customers"
7251,7,2,444.89,3,3,2,332,2.67,"high value","Loyal Customers"
7342,8,1,527.36,3,3,2,332,2.67,"high value","Loyal Customers"
7363,38,3,1386.32,2,3,3,233,2.67,"high value","Loyal Customers"
7622,5,1,519.45,3,3,2,332,2.67,"high value","Loyal Customers"
7626,15,1,643.74,3,3,2,332,2.67,"high value","Loyal Customers"
7708,8,1,579.15,3,3,2,332,2.67,"high value","Loyal Customers"
7717,5,1,658.23,3,3,2,332,2.67,"high value","Loyal Customers"
7793,9,2,391.96,3,3,2,332,2.67,"high value","Loyal Customers"
7807,7,1,487.67,3,3,2,332,2.67,"high value","Loyal Customers"
7909,19,1,887.26,3,2,3,323,2.67,"high value","Loyal Customers"
7932,10,1,383.22,3,3,2,332,2.67,"high value","Loyal Customers"
8001,7,1,554.97,3,3,2,332,2.67,"high value","Loyal Customers"
8043,10,1,584.18,3,3,2,332,2.67,"high value","Loyal Customers"
8105,4,1,689.91,3,3,2,332,2.67,"high value","Loyal Customers"
8179,14,1,425.46,3,3,2,332,2.67,"high value","Loyal Customers"
8216,39,2,1117.49,2,3,3,233,2.67,"high value","Loyal Customers"
8300,12,1,599.18,3,3,2,332,2.67,"high value","Loyal Customers"
8369,6,1,377.37,3,3,2,332,2.67,"high value","Loyal Customers"
8381,2,1,448.29,3,3,2,332,2.67,"high value","Loyal Customers"
8450,1,1,409.92,3,3,2,332,2.67,"high value","Loyal Customers"
8504,19,1,964.39,3,2,3,323,2.67,"high value","Loyal Customers"
8517,17,1,466.11,3,3,2,332,2.67,"high value","Loyal Customers"
8595,7,1,649.64,3,3,2,332,2.67,"high value","Loyal Customers"
8612,16,1,483.75,3,3,2,332,2.67,"high value","Loyal Customers"
8836,0,1,545.36,3,3,2,332,2.67,"high value","Loyal Customers"
8924,14,1,691.77,3,3,2,332,2.67,"high value","Loyal Customers"
9054,6,1,699.22,3,3,2,332,2.67,"high value","Loyal Customers"
9311,7,1,514.62,3,3,2,332,2.67,"high value","Loyal Customers"
9426,9,1,513.65,3,3,2,332,2.67,"high value","Loyal Customers"
9462,5,1,380.17,3,3,2,332,2.67,"high value","Loyal Customers"
9510,17,1,450.62,3,3,2,332,2.67,"high value","Loyal Customers"
9538,18,1,982.29,3,2,3,323,2.67,"high value","Loyal Customers"
9622,5,1,371.24,3,3,2,332,2.67,"high value","Loyal Customers"
9806,9,1,667.45,3,3,2,332,2.67,"high value","Loyal Customers"
9871,34,2,1820.53,2,3,3,233,2.67,"high value","Loyal Customers"
9892,16,1,495.19,3,3,2,332,2.67,"high value","Loyal Customers"
1029,0,1,704.99,3,3,3,333,3.00,"high value","Champion Customers"
1305,4,2,1234.46,3,3,3,333,3.00,"high value","Champion Customers"
1439,6,1,848.60,3,3,3,333,3.00,"high value","Champion Customers"
1440,0,1,729.94,3,3,3,333,3.00,"high value","Champion Customers"
1480,3,2,1621.62,3,3,3,333,3.00,"high value","Champion Customers"
1505,10,1,763.45,3,3,3,333,3.00,"high value","Champion Customers"
1612,14,1,810.26,3,3,3,333,3.00,"high value","Champion Customers"
1659,12,1,758.71,3,3,3,333,3.00,"high value","Champion Customers"
1721,6,1,864.30,3,3,3,333,3.00,"high value","Champion Customers"
1803,2,2,1033.13,3,3,3,333,3.00,"high value","Champion Customers"
1833,11,1,933.06,3,3,3,333,3.00,"high value","Champion Customers"
1891,6,1,753.53,3,3,3,333,3.00,"high value","Champion Customers"
1960,0,1,845.91,3,3,3,333,3.00,"high value","Champion Customers"
1990,0,1,791.40,3,3,3,333,3.00,"high value","Champion Customers"
2010,7,1,783.15,3,3,3,333,3.00,"high value","Champion Customers"
2033,15,1,778.43,3,3,3,333,3.00,"high value","Champion Customers"
2036,12,1,748.49,3,3,3,333,3.00,"high value","Champion Customers"
2124,11,1,957.71,3,3,3,333,3.00,"high value","Champion Customers"
2133,8,2,1386.69,3,3,3,333,3.00,"high value","Champion Customers"
2194,10,1,710.60,3,3,3,333,3.00,"high value","Champion Customers"
2502,0,1,911.40,3,3,3,333,3.00,"high value","Champion Customers"
2526,14,2,1635.23,3,3,3,333,3.00,"high value","Champion Customers"
2556,6,1,760.62,3,3,3,333,3.00,"high value","Champion Customers"
2582,13,1,741.41,3,3,3,333,3.00,"high value","Champion Customers"
2625,0,1,765.11,3,3,3,333,3.00,"high value","Champion Customers"
2669,16,1,774.76,3,3,3,333,3.00,"high value","Champion Customers"
2679,17,1,743.26,3,3,3,333,3.00,"high value","Champion Customers"
2691,15,1,968.76,3,3,3,333,3.00,"high value","Champion Customers"
2695,9,1,900.14,3,3,3,333,3.00,"high value","Champion Customers"
2791,17,1,802.05,3,3,3,333,3.00,"high value","Champion Customers"
2970,0,1,759.62,3,3,3,333,3.00,"high value","Champion Customers"
2999,16,1,860.81,3,3,3,333,3.00,"high value","Champion Customers"
3041,14,1,901.05,3,3,3,333,3.00,"high value","Champion Customers"
3203,3,1,850.90,3,3,3,333,3.00,"high value","Champion Customers"
3221,12,1,787.83,3,3,3,333,3.00,"high value","Champion Customers"
3230,11,1,772.45,3,3,3,333,3.00,"high value","Champion Customers"
3262,6,2,1080.46,3,3,3,333,3.00,"high value","Champion Customers"
3555,12,1,731.20,3,3,3,333,3.00,"high value","Champion Customers"
3604,5,1,933.40,3,3,3,333,3.00,"high value","Champion Customers"
3607,13,1,862.88,3,3,3,333,3.00,"high value","Champion Customers"
3880,1,1,920.44,3,3,3,333,3.00,"high value","Champion Customers"
3938,13,2,1731.53,3,3,3,333,3.00,"high value","Champion Customers"
4052,1,1,751.51,3,3,3,333,3.00,"high value","Champion Customers"
4522,7,1,858.01,3,3,3,333,3.00,"high value","Champion Customers"
4538,8,1,871.00,3,3,3,333,3.00,"high value","Champion Customers"
4675,14,1,985.03,3,3,3,333,3.00,"high value","Champion Customers"
4750,17,1,837.60,3,3,3,333,3.00,"high value","Champion Customers"
4759,0,1,804.28,3,3,3,333,3.00,"high value","Champion Customers"
4788,10,2,714.16,3,3,3,333,3.00,"high value","Champion Customers"
4812,15,2,1279.44,3,3,3,333,3.00,"high value","Champion Customers"
4913,6,1,964.36,3,3,3,333,3.00,"high value","Champion Customers"
4974,16,2,982.95,3,3,3,333,3.00,"high value","Champion Customers"
5049,13,1,994.59,3,3,3,333,3.00,"high value","Champion Customers"
5067,5,2,1005.37,3,3,3,333,3.00,"high value","Champion Customers"
5106,17,1,758.02,3,3,3,333,3.00,"high value","Champion Customers"
5114,3,1,909.08,3,3,3,333,3.00,"high value","Champion Customers"
5216,12,1,823.38,3,3,3,333,3.00,"high value","Champion Customers"
5308,15,1,975.30,3,3,3,333,3.00,"high value","Champion Customers"
5334,10,1,793.34,3,3,3,333,3.00,"high value","Champion Customers"
5477,16,1,764.79,3,3,3,333,3.00,"high value","Champion Customers"
5543,11,1,779.90,3,3,3,333,3.00,"high value","Champion Customers"
5557,9,3,2379.45,3,3,3,333,3.00,"high value","Champion Customers"
5558,12,1,951.69,3,3,3,333,3.00,"high value","Champion Customers"
5582,8,1,989.20,3,3,3,333,3.00,"high value","Champion Customers"
5634,14,2,720.25,3,3,3,333,3.00,"high value","Champion Customers"
6071,14,1,770.94,3,3,3,333,3.00,"high value","Champion Customers"
6210,9,1,740.72,3,3,3,333,3.00,"high value","Champion Customers"
6295,5,1,971.26,3,3,3,333,3.00,"high value","Champion Customers"
6298,17,1,924.90,3,3,3,333,3.00,"high value","Champion Customers"
6517,4,1,768.64,3,3,3,333,3.00,"high value","Champion Customers"
6544,1,1,969.96,3,3,3,333,3.00,"high value","Champion Customers"
6598,0,1,768.49,3,3,3,333,3.00,"high value","Champion Customers"
6669,0,1,941.50,3,3,3,333,3.00,"high value","Champion Customers"
6781,8,1,869.04,3,3,3,333,3.00,"high value","Champion Customers"
6869,10,1,790.55,3,3,3,333,3.00,"high value","Champion Customers"
6890,16,1,896.55,3,3,3,333,3.00,"high value","Champion Customers"
7018,1,1,799.32,3,3,3,333,3.00,"high value","Champion Customers"
7046,10,2,1662.10,3,3,3,333,3.00,"high value","Champion Customers"
7164,6,1,740.70,3,3,3,333,3.00,"high value","Champion Customers"
7211,17,1,750.65,3,3,3,333,3.00,"high value","Champion Customers"
7288,12,1,742.35,3,3,3,333,3.00,"high value","Champion Customers"
7296,1,1,984.60,3,3,3,333,3.00,"high value","Champion Customers"
7498,0,1,717.86,3,3,3,333,3.00,"high value","Champion Customers"
7511,6,2,1018.20,3,3,3,333,3.00,"high value","Champion Customers"
7809,15,1,841.49,3,3,3,333,3.00,"high value","Champion Customers"
7862,7,1,899.64,3,3,3,333,3.00,"high value","Champion Customers"
7889,10,1,887.98,3,3,3,333,3.00,"high value","Champion Customers"
7939,16,2,763.07,3,3,3,333,3.00,"high value","Champion Customers"
7971,13,2,816.85,3,3,3,333,3.00,"high value","Champion Customers"
8317,10,2,974.88,3,3,3,333,3.00,"high value","Champion Customers"
8575,17,1,808.85,3,3,3,333,3.00,"high value","Champion Customers"
8640,15,1,938.12,3,3,3,333,3.00,"high value","Champion Customers"
8657,9,1,983.18,3,3,3,333,3.00,"high value","Champion Customers"
8692,12,1,841.33,3,3,3,333,3.00,"high value","Champion Customers"
9066,3,1,985.51,3,3,3,333,3.00,"high value","Champion Customers"
9328,11,2,1710.17,3,3,3,333,3.00,"high value","Champion Customers"
9514,14,2,1553.53,3,3,3,333,3.00,"high value","Champion Customers"
9564,5,2,945.27,3,3,3,333,3.00,"high value","Champion Customers"
9880,8,1,759.22,3,3,3,333,3.00,"high value","Champion Customers"
9954,12,1,798.01,3,3,3,333,3.00,"high value","Champion Customers"
